<?xml version="1.0" encoding="UTF-8"?>
<project-private xmlns="http://www.netbeans.org/ns/project-private/1">
    <editor-bookmarks xmlns="http://www.netbeans.org/ns/editor-bookmarks/2" lastBookmarkId="0"/>
    <open-files xmlns="http://www.netbeans.org/ns/projectui-open-files/2">
        <group>
            <file>file:/home/nz/NorthKurzemeRegionalHospital/src/md1/Person.java</file>
            <file>file:/home/nz/NorthKurzemeRegionalHospital/src/md1/Doctor.java</file>
            <file>file:/home/nz/NorthKurzemeRegionalHospital/src/md1/Hospital.java</file>
            <file>file:/home/nz/NorthKurzemeRegionalHospital/src/md1/Appointment.java</file>
            <file>file:/home/nz/NorthKurzemeRegionalHospital/src/md1/Patient.java</file>
        </group>
    </open-files>
</project-private>
